frame,command_generation_ms,cpu_tessellation_and_submit_ms,readback_including_gpu_wait_ms,total_ms
10,0.011600000000000001,3.6003,4.7953,8.4078
11,0.027299999999999998,3.2853000000000003,1.5233,4.8361
12,0.0173,2.8264,2.2361999999999997,5.08
13,0.0165,3.3177,4.1551,7.4897
14,0.0257,2.8433,1.5250000000000001,4.3943
15,0.0188,2.3930000000000002,2.3287,4.7408
16,0.016900000000000002,2.7851999999999997,3.5921999999999996,6.3945
17,0.0216,2.9459999999999997,1.7489000000000001,4.7166
18,0.018600000000000002,2.6121999999999996,2.2323999999999997,4.8633
19,0.0249,3.6470000000000002,3.2759,6.9482
20,0.0156,2.9761,1.6572,4.6492
21,0.0159,3.3363,2.2070000000000003,5.5596
22,0.0258,3.464,2.1631,5.6533
23,0.0276,3.1841999999999997,1.5715,4.7836
24,0.019,4.3437,4.634799999999999,8.9977
25,0.0324,3.1069999999999998,1.5914,4.7313
26,0.0217,4.312200000000001,2.1216,6.4559
27,0.0153,3.7361999999999997,3.2396,6.9915
28,0.022,3.0721,1.4977,4.5921
29,0.0134,2.3389,2.0271999999999997,4.379499999999999
30,0.0324,2.784,4.464700000000001,7.2814000000000005
31,0.0282,2.9986,1.5242,4.5513
32,0.0121,2.9284,1.5790000000000002,4.519699999999999
33,0.0231,2.5914,3.7317,6.3464
34,0.0207,3.2079999999999997,1.5256,4.7543999999999995
35,0.0193,2.4606,2.0217,4.5018
36,0.0176,2.8836,4.3933,7.294700000000001
37,0.019,2.8124000000000002,1.5352000000000001,4.3669
38,0.0173,2.3072,2.0991,4.4239
39,0.0208,2.4255,3.3696,5.816
40,0.0223,2.7371000000000003,1.5556,4.3152
41,0.0183,2.4717,1.8727,4.362900000000001
42,0.0163,3.4834,4.8395,8.3395
43,0.028900000000000002,3.1008,1.6488,4.7786
44,0.0285,2.5816,2.8316,5.4419
45,0.016900000000000002,2.7482,3.0826000000000002,5.847899999999999
46,0.0266,2.832,1.5083,4.3671
47,0.015400000000000002,2.3032999999999997,1.9645000000000001,4.2835
48,0.0122,3.1922,4.2534,7.4581
49,0.0255,2.8634,1.466,4.355
50,0.015400000000000002,2.1306,2.1814,4.3276
51,0.0133,2.5856,2.9516999999999998,5.5508
52,0.0189,2.8234000000000004,1.6273,4.4697000000000005
53,0.0194,2.2035,1.5536,3.7766
54,0.0121,3.1626,4.8450999999999995,8.0205
55,0.0235,3.2011000000000003,1.5395999999999999,4.7644
56,0.0188,2.5368,1.5463,4.101999999999999
57,0.0176,2.6697,4.2479,6.9355
58,0.0194,2.6415,1.5712,4.2324
59,0.0194,2.3280000000000003,1.4859,3.8336
60,0.0106,3.6204,4.5034,8.134799999999998
61,0.025,3.0474,1.6537,4.7265
62,0.022799999999999997,2.94,1.6418,4.6048
63,0.0163,3.044,4.2569,7.3175
64,0.025,3.112,1.4587,4.596
65,0.018099999999999998,2.1971,2.22,4.4354
66,0.0159,2.679,3.9314,6.6268
67,0.0176,2.9426,1.4398,4.4002
68,0.0167,2.5154,1.4645000000000001,3.9969
69,0.0112,2.3495,4.3088,6.6698
70,0.019899999999999998,2.8248,1.64,4.4852
71,0.0244,2.2355,1.5978999999999999,3.8581000000000003
72,0.016,2.8719,3.9956,6.8837
73,0.0245,2.7601999999999998,2.0629,4.847899999999999
74,0.0198,2.3961,1.3499,3.7659
75,0.0131,2.559,3.7829,6.355300000000001
76,0.0132,2.7594999999999996,1.7004,4.4732
77,0.016399999999999998,2.9868,1.4346,4.438
78,0.0173,2.9827,3.7761,6.7765
79,0.011899999999999999,2.821,1.5006,4.333799999999999
80,0.0261,2.8205,1.5362,4.3829
81,0.0155,2.9645,3.1652,6.1453999999999995
82,0.017900000000000003,2.7698,1.5315999999999999,4.319599999999999
83,0.0584,2.7306,1.4387,4.2278
84,0.0126,2.2075,1.6203,3.8405
85,0.012799999999999999,2.6449,4.5552,7.213299999999999
86,0.020999999999999998,3.2802000000000002,1.5225,4.824
87,0.0168,1.9784999999999997,1.6065999999999998,3.6020000000000003
88,0.0138,2.3901,4.5248,6.9292
89,0.022600000000000002,2.8463999999999996,1.5658,4.4348
90,0.0131,2.1467,1.349,3.5089
91,0.0065,2.6565999999999996,3.5008,6.1642
92,0.022099999999999998,2.7485,1.5846,4.3556
93,0.0187,2.4386,1.4932,3.9506
94,0.0158,2.4916,2.5069,5.0147
95,0.0234,3.7,1.6183,5.3422
96,0.0158,2.9711,1.516,4.503100000000001
97,0.018600000000000002,2.0847,1.6303999999999998,3.7338
98,0.012,2.5519000000000003,4.5889,7.1532
99,0.0292,3.0756,1.5626,4.6683
100,0.0163,2.1832000000000003,1.9222,4.1222
101,0.0286,3.2401,3.8918,7.1608
102,0.0236,3.097,1.5712,4.6929
103,0.013600000000000001,2.2542999999999997,1.7013,3.9696000000000002
104,0.0205,3.5037,3.3628,6.8877
105,0.0249,3.2206,1.5547,4.8005
106,0.0196,2.4796,1.9269,4.426399999999999
107,0.011600000000000001,2.7344,4.5088,7.2551
108,0.0351,2.6363,1.7437,4.4154
109,0.0189,2.2674000000000003,1.7933000000000001,4.079700000000001
110,0.0236,3.251,3.8373,7.1122
111,0.0253,3.5886,1.7757,5.389900000000001
112,0.0133,3.8967,3.9483,7.8586
113,0.0255,3.7226,1.5339,5.2824
114,0.023799999999999998,3.385,1.4446,4.8537
115,0.0265,3.0664,4.8348,7.9281999999999995
116,0.0245,3.2729999999999997,1.5473999999999999,4.845000000000001
117,0.0291,2.9419,2.1351999999999998,5.1065
118,0.022799999999999997,3.4984,3.7802000000000002,7.3016000000000005
119,0.0211,3.2763,1.4624,4.7606
120,0.010499999999999999,2.7723,2.2559,5.0392
121,0.0248,3.0547,3.0665,6.1463
122,0.0171,2.5101,1.4855,4.013
123,0.0129,2.4636,2.1574,4.6344
124,0.0288,3.1816,3.1139,6.324599999999999
125,0.0229,2.5677999999999996,1.4594,4.0503
126,0.0125,1.9987,1.3659,3.3771999999999998
127,0.008199999999999999,3.0176,4.0794999999999995,7.105700000000001
128,0.029,3.7312,1.5875,5.3479
129,0.012799999999999999,2.2398000000000002,1.4265,3.6794000000000002
